<?xml version="1.0" encoding="UTF-8" standalone="yes"?>
<SharedFlowBundle revision="1" name="SF-ExternalOAuthTokenValidation">
    <ConfigurationVersion majorVersion="4" minorVersion="0"/>
    <CreatedAt>1610050177900</CreatedAt>
    <CreatedBy>defaultUser</CreatedBy>
    <Description>Binary works. Example flow to validate external token and store as Edge token.</Description>
    <DisplayName>ExternalOAuthTokenValidation</DisplayName>
    <LastModifiedAt>1610051457771</LastModifiedAt>
    <LastModifiedBy>defaultUser</LastModifiedBy>
    <ManifestVersion>SHA-512:117238cdc6baae7c2bb8056d6a30cd4746b4cc53300c6503b60c0276e3ae69c5fda086a59659f79f7796d35079eba9b0180c179bdc372639c580226074674276:us-east-1</ManifestVersion>
    <Policies>
        <Policy>AM-Debug</Policy>
        <Policy>AM-ExternalOAuthVariables</Policy>
        <Policy>AM-RestoreRequest</Policy>
        <Policy>AM-SaveRequest</Policy>
        <Policy>EV-AccessToken</Policy>
        <Policy>EV-TokenResponse</Policy>
        <Policy>JS-SetExpiresIn</Policy>
        <Policy>OA-GenerateExternalAccessToken</Policy>
        <Policy>OA-VerifyAccessToken</Policy>
        <Policy>OA-VerifyAccessTokenToGetProperties</Policy>
        <Policy>RF-InvalidToken</Policy>
        <Policy>RF-TokenExpired</Policy>
        <Policy>SC-ValidateToken</Policy>
    </Policies>
    <Resources>
        <Resource>jsc://JS-SetExpiresIn.js</Resource>
    </Resources>
    <Spec></Spec>
    <subType>SharedFlow</subType>
    <SharedFlows>
        <SharedFlow>default</SharedFlow>
    </SharedFlows>
</SharedFlowBundle>
