<?xml version="1.0" encoding="UTF-8" standalone="yes"?>
<AssignMessage async="false" continueOnError="false" enabled="true" name="AM-Debug">
    <DisplayName>AM-Debug</DisplayName>
    <AssignVariable>
        <Name>debug_header_authorization</Name>
        <Ref>request.header.authorization</Ref>
    </AssignVariable>
    <AssignVariable>
        <Name>debug_content_type</Name>
        <Ref>request.header.content-type</Ref>
    </AssignVariable>
    <AssignVariable>
        <Name>debug_client_id</Name>
        <Ref>request.formparam.client_id</Ref>
    </AssignVariable>
    <AssignVariable>
        <Name>debug_client_secret</Name>
        <Ref>request.formparam.client_secret</Ref>
    </AssignVariable>
    <AssignVariable>
        <Name>debug_username</Name>
        <Ref>request.formparam.username</Ref>
    </AssignVariable>
    <AssignVariable>
        <Name>debug_client_password</Name>
        <Ref>request.formparam.password</Ref>
    </AssignVariable>
    <AssignVariable>
        <Name>debug_flow_validate_response_content</Name>
        <Ref>flow_validate_response.content</Ref>
    </AssignVariable>
    <IgnoreUnresolvedVariables>true</IgnoreUnresolvedVariables>
</AssignMessage>