<?xml version="1.0" encoding="UTF-8" standalone="yes"?>
<AssignMessage async="false" continueOnError="false" enabled="true" name="AM-ExternalOAuthVariables">
    <DisplayName>AM-ExternalOAuthVariables</DisplayName>
    <Properties/>
    <AssignVariable>
        <Name>oauth_external_authorization_status</Name>
        <Value>true</Value>
    </AssignVariable>
    <AssignVariable>
        <Name>flow_grant_type</Name>
        <Value>client_credentials</Value>
    </AssignVariable>
    <!-- these are for testing, client_id would be associated with the external token when validated -->
    <!--
   <AssignVariable>
        <Name>client_id</Name>
        <Value>GACUuC6Fh4ectMGx7PGUlXQzIOs3yAMr</Value>
    </AssignVariable>
    <AssignVariable>
        <Name>client_secret</Name>
        <Value>tneVWDRUck8EvVtz</Value>
    </AssignVariable>
    -->
    <Remove>
        <Headers>
            <Header name="Authorization"/>
        </Headers>
        <Payload>true</Payload>
    </Remove>
    <Set>
        <Headers>
            <Header name="Content-Type">application/x-www-form-urlencoded</Header>
        </Headers>
        <FormParams>
            <!-- Hmmm, only need client_id -->
            <!-- This is a valid clien in this org, but added to the OAuth response from the FAUX external IdP -->
            <FormParam name="client_id">{external_client_id}</FormParam>
        </FormParams>
    </Set>
    <IgnoreUnresolvedVariables>true</IgnoreUnresolvedVariables>
    <AssignTo createNew="false" transport="http" type="request"/>
</AssignMessage>