<?xml version="1.0" encoding="UTF-8" standalone="yes"?>
<ExtractVariables async="false" continueOnError="false" enabled="true" name="EV-TokenResponse">
    <DisplayName>EV-TokenResponse</DisplayName>
    <Properties/>
    <IgnoreUnresolvedVariables>true</IgnoreUnresolvedVariables>
    <JSONPayload>
        <Variable name="external_client_id" type="string">
            <JSONPath>$.external_client_id</JSONPath>
        </Variable>
        <Variable name="external_expires_in" type="string">
            <JSONPath>$.expires_in</JSONPath>
        </Variable>
        <Variable name="external_content" type="string">
            <JSONPath>$</JSONPath>
        </Variable>
    </JSONPayload>
    <Source clearPayload="false">flow_validate_response</Source>
</ExtractVariables>