<?xml version="1.0" encoding="UTF-8" standalone="yes"?>
<OAuthV2 async="false" continueOnError="false" enabled="true" name="OA-GenerateExternalAccessToken">
    <DisplayName>OA-GenerateExternalAccessToken</DisplayName>
    <Operation>GenerateAccessToken</Operation>
    <GrantType>flow_grant_type</GrantType>
    <ExternalAccessToken>external_access_token</ExternalAccessToken>
    <ExternalAuthorization>true</ExternalAuthorization>
    <ExpiresIn ref="external_expires_in_ms">60000</ExpiresIn>
    <ReuseRefreshToken>false</ReuseRefreshToken>
    <StoreToken>true</StoreToken>
    <SupportedGrantTypes>
        <GrantType>client_credentials</GrantType>
    </SupportedGrantTypes>
</OAuthV2>