<?xml version="1.0" encoding="UTF-8" standalone="yes"?>
<ServiceCallout async="false" continueOnError="true" enabled="true" name="SC-ValidateToken">
    <DisplayName>SC-ValidateToken</DisplayName>
    <Properties/>
    <Request clearPayload="true" variable="myRequest">
        <Add>
            <Headers>
                <Header name="Authorization">Bearer {external_access_token}</Header>
            </Headers>
            <Verb>GET</Verb>
        </Add>
    </Request>
    <Response>flow_validate_response</Response>
    <HTTPTargetConnection>
        <Properties/>
        <URL>https://kurtkanaskietrainer-trial-test.apigee.net/demo-externaloauthtokengeneration/validate</URL>
    </HTTPTargetConnection>
</ServiceCallout>